split,seed,init,auroc,auprc,test_loss,sensitivity,specificity,accuracy,thred_optim,best_epoch,F1,Precision,descriptors,family,model
rev22_compound_s0,42,pretrained,0.9820545073375262,0.985142074778774,0.16657053902745247,0.9266666666666666,0.9308176100628931,0.9288025889967637,0.3922909200191498,44.0,0.9288847257748419,0.9308176100628931,on,compound,"DrugBAN-BiLSTM (pretrained, descriptors on)"
rev22_compound_s0,42,pretrained,0.9871907756813417,0.988919486151226,0.15227232426404952,0.9466666666666667,0.9371069182389937,0.941747572815534,0.3590540885925293,46.0,0.9416026846717129,0.9490445859872612,off,compound,"DrugBAN-BiLSTM (pretrained, descriptors off)"
rev22_compound_s0,42,scratch,0.9732285115303984,0.9784664413363577,0.250375334918499,0.9133333333333333,0.9182389937106918,0.9158576051779935,0.5814694166183472,41.0,0.9159872203972736,0.9182389937106918,on,compound,"DrugBAN-BiLSTM (scratch, descriptors on)"
rev22_compound_s0,42,scratch,0.970754716981132,0.9770056705963349,0.27663069367408755,0.9,0.9433962264150944,0.9223300970873787,0.7292243838310242,42.0,0.923356036446524,0.9090909090909091,off,compound,"DrugBAN-BiLSTM (scratch, descriptors off)"
rev22_compound_s1,42,pretrained,0.9724281742354031,0.9684287506455498,0.24892489649355412,0.9216867469879518,0.916083916083916,0.919093851132686,0.22090458869934082,44.0,0.9186524573465248,0.9097222222222222,on,compound,"DrugBAN-BiLSTM (pretrained, descriptors on)"
rev22_compound_s1,42,pretrained,0.9705956693908502,0.9654255288385184,0.28120968360453846,0.9156626506024096,0.916083916083916,0.9158576051779935,0.23822712898254395,38.0,0.9158859994799875,0.903448275862069,off,compound,"DrugBAN-BiLSTM (pretrained, descriptors off)"
rev22_compound_s1,42,scratch,0.9645294464571574,0.9374458396110934,0.29087601155042647,0.891566265060241,0.9230769230769231,0.9061488673139159,0.5392320156097412,42.0,0.9087541253180357,0.88,on,compound,"DrugBAN-BiLSTM (scratch, descriptors on)"
rev22_compound_s1,42,scratch,0.9503538630044654,0.9376101288986662,0.3684265106916428,0.891566265060241,0.916083916083916,0.9029126213592233,0.6731530427932739,41.0,0.9049848047477704,0.8791946308724832,off,compound,"DrugBAN-BiLSTM (scratch, descriptors off)"
rev22_compound_s2,42,pretrained,0.9786405723905724,0.9806572048987534,0.2104393273591995,0.9636363636363636,0.9166666666666666,0.941747572815534,0.29156234860420227,49.0,0.9387071829030139,0.9565217391304348,on,compound,"DrugBAN-BiLSTM (pretrained, descriptors on)"
rev22_compound_s2,42,pretrained,0.981986531986532,0.9829465202029286,0.17994329277426005,0.9333333333333333,0.9305555555555556,0.9320388349514563,0.3705833852291107,49.0,0.9318447914134125,0.9241379310344827,off,compound,"DrugBAN-BiLSTM (pretrained, descriptors off)"
rev22_compound_s2,42,scratch,0.9780092592592593,0.9740698259081231,0.2455689862370491,0.9575757575757575,0.9027777777777778,0.9320388349514563,0.6973966956138611,50.0,0.9282047923890046,0.948905109489051,on,compound,"DrugBAN-BiLSTM (scratch, descriptors on)"
rev22_compound_s2,42,scratch,0.9773358585858586,0.9778940110581502,0.2653805658221245,0.9151515151515152,0.9166666666666666,0.9158576051779935,0.7363430261611938,50.0,0.9159677479484021,0.9041095890410958,off,compound,"DrugBAN-BiLSTM (scratch, descriptors off)"
rev22_compound_s3,42,pretrained,0.9708578637510513,0.9712700439347604,0.23085318952798844,0.8597560975609756,0.9310344827586207,0.8932038834951457,0.21646730601787567,50.0,0.8989900318346266,0.8544303797468354,on,compound,"DrugBAN-BiLSTM (pretrained, descriptors on)"
rev22_compound_s3,42,pretrained,0.9715727502102607,0.9716564138151011,0.24572833329439164,0.8658536585365854,0.9379310344827586,0.8996763754045307,0.19392676651477814,46.0,0.9053000350989474,0.8607594936708861,off,compound,"DrugBAN-BiLSTM (pretrained, descriptors off)"
rev22_compound_s3,42,scratch,0.9521867115222875,0.9523273793229612,0.30494657456874846,0.926829268292683,0.8551724137931035,0.8932038834951457,0.6211455464363098,46.0,0.8869454605262229,0.9117647058823529,on,compound,"DrugBAN-BiLSTM (scratch, descriptors on)"
rev22_compound_s3,42,scratch,0.9582632464255677,0.9604837893450147,0.28057015389204026,0.8719512195121951,0.903448275862069,0.8867313915857605,0.5338111519813538,49.0,0.8894358921613157,0.8618421052631579,off,compound,"DrugBAN-BiLSTM (scratch, descriptors off)"
rev22_compound_s4,42,pretrained,0.9666147105906142,0.9757454412138397,0.3234787553548813,0.8811188811188811,0.9216867469879518,0.9029126213592233,0.18414558470249176,49.0,0.9033579946337641,0.9,on,compound,"DrugBAN-BiLSTM (pretrained, descriptors on)"
rev22_compound_s4,42,pretrained,0.9685735950796192,0.9765827036622815,0.3112370505928993,0.9020979020979021,0.9096385542168675,0.9061488673139159,0.3980496823787689,48.0,0.9062168026372128,0.9151515151515152,off,compound,"DrugBAN-BiLSTM (pretrained, descriptors off)"
rev22_compound_s4,42,scratch,0.9621282332125706,0.9719673411102255,0.259681861102581,0.9300699300699301,0.8674698795180723,0.8964401294498382,0.6181386113166809,46.0,0.8954940267744016,0.935064935064935,on,compound,"DrugBAN-BiLSTM (scratch, descriptors on)"
rev22_compound_s4,42,scratch,0.9510489510489512,0.9657014208403802,0.2774371445178986,0.9440559440559441,0.8433734939759037,0.889967637540453,0.7549411058425903,47.0,0.8880755712356213,0.9459459459459459,off,compound,"DrugBAN-BiLSTM (scratch, descriptors off)"
rev22_nodual_s0,42,pretrained,0.9892160219103048,0.9702156238758415,0.1289408928132616,0.9782608695652174,0.968503937007874,0.9735849056603774,0.5936201810836792,46.0,0.973246913795117,0.9761904761904762,on,nodual,"DrugBAN-BiLSTM (pretrained, descriptors on)"
rev22_nodual_s0,42,pretrained,0.985107839780897,0.9806072775107731,0.14703908981755376,0.9927536231884058,0.968503937007874,0.9811320754716981,0.5905464887619019,26.0,0.9803860251238699,0.9919354838709677,off,nodual,"DrugBAN-BiLSTM (pretrained, descriptors off)"
rev22_nodual_s1,42,pretrained,0.9992594280505868,0.9992439184345401,0.04466636240896252,0.9776119402985075,1.0,0.9886792452830189,0.3830322325229645,45.0,0.9889248899369033,0.9776119402985075,on,nodual,"DrugBAN-BiLSTM (pretrained, descriptors on)"
rev22_nodual_s1,42,pretrained,0.9990885268314914,0.9990608949978743,0.08071398332766774,0.9701492537313433,1.0,0.9849056603773585,0.2722243070602417,45.0,0.9852891187537356,0.9703703703703703,off,nodual,"DrugBAN-BiLSTM (pretrained, descriptors off)"
rev22_nodual_s2,42,pretrained,0.9863247863247863,0.9902099790637777,0.16051388500879207,0.9925925925925926,0.9538461538461539,0.9735849056603774,0.7930428981781006,41.0,0.9726852983165082,0.992,on,nodual,"DrugBAN-BiLSTM (pretrained, descriptors on)"
rev22_nodual_s2,42,pretrained,0.9897435897435898,0.9918531288351365,0.15280006748313704,1.0,0.9307692307692308,0.9660377358490566,0.8234733939170837,50.0,0.9641384327491531,1.0,off,nodual,"DrugBAN-BiLSTM (pretrained, descriptors off)"
rev22_nodual_s3,42,pretrained,0.999599633951041,0.9996561586449159,0.028405185944090288,0.9919354838709677,0.9929078014184397,0.9924528301886792,0.3054320216178894,50.0,0.9924203251657167,0.9929078014184397,on,nodual,"DrugBAN-BiLSTM (pretrained, descriptors on)"
rev22_nodual_s3,42,pretrained,0.9993708533516359,0.999470423431583,0.038564839555571474,1.0,0.9858156028368794,0.9924528301886792,0.667451798915863,49.0,0.992852143137422,1.0,off,nodual,"DrugBAN-BiLSTM (pretrained, descriptors off)"
rev22_nodual_s4,42,pretrained,0.9947126436781609,0.9960576426373678,0.10599526079992454,0.95,0.9862068965517241,0.969811320754717,0.08321631699800491,38.0,0.9686656197269451,0.959731543624161,on,nodual,"DrugBAN-BiLSTM (pretrained, descriptors on)"
rev22_nodual_s4,42,pretrained,0.9949425287356322,0.9962096011797085,0.11935421255313688,0.9583333333333334,0.9862068965517241,0.9735849056603774,0.11635010689496994,45.0,0.9726462692146445,0.9662162162162162,off,nodual,"DrugBAN-BiLSTM (pretrained, descriptors off)"
random,42,pretrained,0.9621186654340701,0.9613379741758286,0.3212007015943527,0.901840490797546,0.8767123287671232,0.889967637540453,0.21004194021224976,36.0,0.8878625696703581,0.8888888888888888,on,random,"DrugBAN-BiLSTM (pretrained, descriptors on)"
random,42,pretrained,0.9758593159089,0.9747006710607857,0.26434642970561983,0.9202453987730062,0.9315068493150684,0.9255663430420712,0.16516843438148499,50.0,0.926286158465541,0.912751677852349,off,random,"DrugBAN-BiLSTM (pretrained, descriptors off)"
random,43,pretrained,0.9639465501302631,0.96366585709229,0.2994925960898399,0.7914110429447853,0.9657534246575342,0.8737864077669902,0.049289751797914505,37.0,0.8883127440294933,0.8057142857142857,on,random,"DrugBAN-BiLSTM (pretrained, descriptors on)"
random,43,pretrained,0.9784645768551979,0.9775884373160427,0.23666171804070474,0.9141104294478528,0.9452054794520548,0.9288025889967637,0.10562466830015182,48.0,0.9307298572066962,0.9078947368421053,off,random,"DrugBAN-BiLSTM (pretrained, descriptors off)"
random,44,pretrained,0.9583788553659971,0.9558344078455772,0.3172014236450195,0.8220858895705522,0.9315068493150684,0.8737864077669902,0.12508085370063782,43.0,0.8831822644779564,0.8242424242424242,on,random,"DrugBAN-BiLSTM (pretrained, descriptors on)"
random,44,pretrained,0.9748508278006556,0.9737160322054426,0.24880048353224993,0.9202453987730062,0.9315068493150684,0.9255663430420712,0.20726481080055237,41.0,0.926286158465541,0.912751677852349,off,random,"DrugBAN-BiLSTM (pretrained, descriptors off)"
random,45,pretrained,0.9564669299941172,0.9538530034690175,0.36151840090751647,0.803680981595092,0.9452054794520548,0.8705501618122977,0.08293604105710983,41.0,0.8827357800470277,0.8117647058823529,on,random,"DrugBAN-BiLSTM (pretrained, descriptors on)"
random,45,pretrained,0.9743045634086898,0.9729064424470226,0.24915999174118042,0.9079754601226994,0.9383561643835616,0.9223300970873787,0.15206576883792877,32.0,0.9243104878080619,0.9013157894736842,off,random,"DrugBAN-BiLSTM (pretrained, descriptors off)"
random,46,pretrained,0.9660475670224388,0.9645083220431605,0.27191456630825994,0.8343558282208589,0.958904109589041,0.8932038834951457,0.12483787536621094,47.0,0.9026848906287519,0.8383233532934131,on,random,"DrugBAN-BiLSTM (pretrained, descriptors on)"
random,46,pretrained,0.9722455668543575,0.9712183268729103,0.2605806406587362,0.8957055214723927,0.9246575342465754,0.9093851132686084,0.1352275013923645,23.0,0.9114581883707582,0.8881578947368421,off,random,"DrugBAN-BiLSTM (pretrained, descriptors off)"
random,47,pretrained,0.9637364484410454,0.963966399058565,0.29926959723234176,0.8957055214723927,0.8698630136986302,0.883495145631068,0.2337578982114792,42.0,0.881244867852649,0.8819444444444444,on,random,"DrugBAN-BiLSTM (pretrained, descriptors on)"
random,47,pretrained,0.9741785023951592,0.9732418315701373,0.2789819709956646,0.9263803680981595,0.9178082191780822,0.9223300970873787,0.21897143125534058,47.0,0.9217539467774293,0.9178082191780822,off,random,"DrugBAN-BiLSTM (pretrained, descriptors off)"
random,48,pretrained,0.9621606857719136,0.9612304235715339,0.3345506742596626,0.8343558282208589,0.9246575342465754,0.8770226537216829,0.07122740894556046,35.0,0.8847070407194267,0.8333333333333334,on,random,"DrugBAN-BiLSTM (pretrained, descriptors on)"
random,48,pretrained,0.9771199260442054,0.9756639468992216,0.24962218329310418,0.9325153374233128,0.9178082191780822,0.9255663430420712,0.3071439266204834,38.0,0.9246023744706721,0.9241379310344827,off,random,"DrugBAN-BiLSTM (pretrained, descriptors off)"
random,49,pretrained,0.9672661568199008,0.9677220577762772,0.2997963041067123,0.8466257668711656,0.9315068493150684,0.8867313915857605,0.08348912745714188,39.0,0.8935777235686373,0.84472049689441,on,random,"DrugBAN-BiLSTM (pretrained, descriptors on)"
random,49,pretrained,0.9774140684091099,0.9762408652524053,0.2507630571722984,0.9141104294478528,0.9383561643835616,0.9255663430420712,0.13904407620429993,39.0,0.9271118504318638,0.9072847682119205,off,random,"DrugBAN-BiLSTM (pretrained, descriptors off)"
random,50,pretrained,0.9603748214135641,0.9571498120022087,0.3619185656309128,0.7914110429447853,0.9726027397260274,0.8770226537216829,0.0274043008685112,33.0,0.8918036189493975,0.8068181818181818,on,random,"DrugBAN-BiLSTM (pretrained, descriptors on)"
random,50,pretrained,0.9743465837465334,0.9729531320312127,0.2498464871197939,0.8834355828220859,0.9452054794520548,0.912621359223301,0.13474448025226593,41.0,0.9168824622251424,0.8789808917197452,off,random,"DrugBAN-BiLSTM (pretrained, descriptors off)"
random,51,pretrained,0.9613412891839651,0.9582946163753548,0.30227227956056596,0.9141104294478528,0.8767123287671232,0.8964401294498382,0.3830952048301697,32.0,0.8934134063311431,0.9014084507042254,on,random,"DrugBAN-BiLSTM (pretrained, descriptors on)"
random,51,pretrained,0.9769938650306749,0.976323644186299,0.24422970972955227,0.9202453987730062,0.9315068493150684,0.9255663430420712,0.13478313386440277,48.0,0.926286158465541,0.912751677852349,off,random,"DrugBAN-BiLSTM (pretrained, descriptors off)"
random,42,scratch,0.9569501638793176,0.9454395392195561,0.2811569541692734,0.8895705521472392,0.9246575342465754,0.9061488673139159,0.43519940972328186,39.0,0.9087104936572211,0.8823529411764706,on,random,"DrugBAN-BiLSTM (scratch, descriptors on)"
random,42,scratch,0.9432935540801748,0.9199267675087097,0.38945083469152453,0.9079754601226994,0.8561643835616438,0.883495145631068,0.7678885459899902,36.0,0.8789286359871415,0.8928571428571429,off,random,"DrugBAN-BiLSTM (scratch, descriptors off)"
random,43,scratch,0.9499957979662156,0.9448946421989591,0.361763234436512,0.8404907975460123,0.952054794520548,0.8932038834951457,0.15901781618595123,26.0,0.901748212926448,0.8424242424242424,on,random,"DrugBAN-BiLSTM (scratch, descriptors on)"
random,43,scratch,0.9646188755357593,0.9675800326094084,0.2507829375565052,0.9202453987730062,0.9041095890410958,0.912621359223301,0.3292602002620697,33.0,0.9114581876834521,0.9103448275862069,off,random,"DrugBAN-BiLSTM (scratch, descriptors off)"
random,44,scratch,0.9632952348936885,0.9673068531860148,0.24806178137660026,0.9202453987730062,0.910958904109589,0.9158576051779935,0.39291316270828247,41.0,0.9152034434078894,0.910958904109589,on,random,"DrugBAN-BiLSTM (scratch, descriptors on)"
random,44,scratch,0.9655223127993949,0.9665693992658437,0.25401646345853807,0.950920245398773,0.8835616438356164,0.919093851132686,0.35300591588020325,43.0,0.9143515386167959,0.9416058394160584,off,random,"DrugBAN-BiLSTM (scratch, descriptors off)"
random,45,scratch,0.9534414656693839,0.9232062583819008,0.2845147758722305,0.8343558282208589,0.9452054794520548,0.8867313915857605,0.222505584359169,50.0,0.8955637521212186,0.8363636363636363,on,random,"DrugBAN-BiLSTM (scratch, descriptors on)"
random,45,scratch,0.9610051264812168,0.9575973673248876,0.26498922407627107,0.8895705521472392,0.9041095890410958,0.8964401294498382,0.5188878774642944,43.0,0.8975795816574331,0.88,off,random,"DrugBAN-BiLSTM (scratch, descriptors off)"
random,46,scratch,0.9369484830658038,0.926134003017138,0.4677260428667068,0.8711656441717791,0.8767123287671232,0.8737864077669902,0.8050003051757812,46.0,0.8742826299696212,0.8590604026845637,on,random,"DrugBAN-BiLSTM (scratch, descriptors on)"
random,46,scratch,0.9676653500294142,0.967819095124872,0.270975324511528,0.8834355828220859,0.9178082191780822,0.8996763754045307,0.2028159648180008,46.0,0.9022959887727728,0.8758169934640523,off,random,"DrugBAN-BiLSTM (scratch, descriptors off)"
rev22_scaffold_s0,42,pretrained,0.9524307928913193,0.9304311147798447,0.35586012080311774,0.8636363636363636,0.9172932330827067,0.8867313915857605,0.20167924463748932,41.0,0.8933216800928608,0.8356164383561644,on,scaffold,"DrugBAN-BiLSTM (pretrained, descriptors on)"
rev22_scaffold_s0,42,pretrained,0.9626409774436091,0.9564411838059734,0.32328383773565295,0.8806818181818182,0.9097744360902256,0.8932038834951457,0.18840576708316803,42.0,0.8967253208653946,0.852112676056338,off,scaffold,"DrugBAN-BiLSTM (pretrained, descriptors off)"
rev22_scaffold_s0,42,scratch,0.9527298359535201,0.9401418169892456,0.32453068196773527,0.9034090909090909,0.8796992481203008,0.8932038834951457,0.6615225672721863,41.0,0.8902481297332698,0.8731343283582089,on,scaffold,"DrugBAN-BiLSTM (scratch, descriptors on)"
rev22_scaffold_s0,42,scratch,0.9543104921394394,0.9501954314170595,0.36849730312824247,0.8977272727272727,0.8872180451127819,0.8932038834951457,0.7766091823577881,49.0,0.8918996598196819,0.8676470588235294,off,scaffold,"DrugBAN-BiLSTM (scratch, descriptors off)"
rev22_scaffold_s1,42,pretrained,0.9628159905937683,0.9599339971362972,0.32693026289343835,0.9197530864197531,0.8707482993197279,0.8964401294498382,0.511766254901886,43.0,0.89261461963501,0.9078014184397163,on,scaffold,"DrugBAN-BiLSTM (pretrained, descriptors on)"
rev22_scaffold_s1,42,pretrained,0.964957587973461,0.9596211803499821,0.3336373008787632,0.8765432098765432,0.9319727891156463,0.9029126213592233,0.2971588969230652,49.0,0.906834915406804,0.8726114649681529,off,scaffold,"DrugBAN-BiLSTM (pretrained, descriptors off)"
rev22_scaffold_s1,42,scratch,0.9489795918367346,0.9453561805741384,0.38412983119487765,0.9135802469135802,0.8843537414965986,0.8996763754045307,0.7321577072143555,14.0,0.8974636792149289,0.9027777777777778,on,scaffold,"DrugBAN-BiLSTM (scratch, descriptors on)"
rev22_scaffold_s1,42,scratch,0.9514571260603006,0.9296053472216886,0.3685511738061905,0.9197530864197531,0.8775510204081632,0.8996763754045307,0.8623857498168945,35.0,0.8964624111407951,0.9084507042253521,off,scaffold,"DrugBAN-BiLSTM (scratch, descriptors off)"
rev22_scaffold_s2,42,pretrained,0.951777181658144,0.9591029500097259,0.4061393663287163,0.9072847682119205,0.8544303797468354,0.8802588996763754,0.41954830288887024,48.0,0.8776185103318854,0.9060402684563759,on,scaffold,"DrugBAN-BiLSTM (pretrained, descriptors on)"
rev22_scaffold_s2,42,pretrained,0.9592589487802834,0.964622147981848,0.36062840968370435,0.8940397350993378,0.9113924050632911,0.9029126213592233,0.1948453038930893,23.0,0.9035478780207148,0.9,off,scaffold,"DrugBAN-BiLSTM (pretrained, descriptors off)"
rev22_scaffold_s2,42,scratch,0.9429331880291726,0.9443060785594868,0.36916045993566515,0.8940397350993378,0.8734177215189873,0.883495145631068,0.7370011806488037,49.0,0.882512364623217,0.8961038961038961,on,scaffold,"DrugBAN-BiLSTM (scratch, descriptors on)"
rev22_scaffold_s2,42,scratch,0.9326431385698718,0.9378491131414578,0.45488491356372834,0.8940397350993378,0.8670886075949367,0.8802588996763754,0.8704328536987305,38.0,0.8789277224790037,0.8954248366013072,off,scaffold,"DrugBAN-BiLSTM (scratch, descriptors off)"
rev22_scaffold_s3,42,pretrained,0.9528174936921783,0.961351715621388,0.31293641626834867,0.9103448275862069,0.8475609756097561,0.8770226537216829,0.6882489323616028,49.0,0.8750248531106635,0.9144736842105263,on,scaffold,"DrugBAN-BiLSTM (pretrained, descriptors on)"
rev22_scaffold_s3,42,pretrained,0.9552354920100925,0.9640850359970432,0.33139718472957613,0.9310344827586207,0.8292682926829268,0.8770226537216829,0.7868021726608276,42.0,0.8737211996007339,0.9315068493150684,off,scaffold,"DrugBAN-BiLSTM (pretrained, descriptors off)"
rev22_scaffold_s3,42,scratch,0.925609756097561,0.9400256217212173,0.37511819303035737,0.7241379310344828,0.9451219512195121,0.8414239482200647,0.43025410175323486,27.0,0.8510790218846409,0.7948717948717948,on,scaffold,"DrugBAN-BiLSTM (scratch, descriptors on)"
rev22_scaffold_s3,42,scratch,0.9107653490328007,0.9059994188825591,0.5404929012060166,0.8344827586206897,0.8658536585365854,0.8511326860841424,0.8104184865951538,48.0,0.8524770945435172,0.8554216867469879,off,scaffold,"DrugBAN-BiLSTM (scratch, descriptors off)"
rev22_scaffold_s4,42,pretrained,0.958595387840671,0.9600779024384242,0.3106217570602894,0.8553459119496856,0.9066666666666666,0.8802588996763754,0.4531809687614441,49.0,0.8839783242272599,0.8553459119496856,on,scaffold,"DrugBAN-BiLSTM (pretrained, descriptors on)"
rev22_scaffold_s4,42,pretrained,0.96020964360587,0.9613788271556728,0.3059737473726273,0.8490566037735849,0.9,0.8737864077669902,0.6365635991096497,46.0,0.877639897317563,0.8490566037735849,off,scaffold,"DrugBAN-BiLSTM (pretrained, descriptors off)"
rev22_scaffold_s4,42,scratch,0.9597274633123689,0.9614338848675525,0.2627598986029625,0.8867924528301887,0.8933333333333333,0.889967637540453,0.5441580414772034,49.0,0.8904162638725807,0.881578947368421,on,scaffold,"DrugBAN-BiLSTM (scratch, descriptors on)"
rev22_scaffold_s4,42,scratch,0.9590146750524109,0.9598832865218064,0.4492847412824631,0.9371069182389937,0.8733333333333333,0.9061488673139159,0.9276725649833679,46.0,0.9020933618476632,0.9290780141843972,off,scaffold,"DrugBAN-BiLSTM (scratch, descriptors off)"
