residue,resnum,delta,p_welch,q_bh,rank_agonist_side,delta_mean_10seeds,delta_sd_10seeds,delta_pretrained_only,responder,dist_8JSR,dist_6KO5,z_within_amino_acid_type
E124,124,0.27509677,9.95398e-12,7.15738586949875e-11,1,0.28562135,0.016588282,0.15359926,True,3.3871800955957503,3.356261312830096,1.9981768
S125,125,0.25230718,2.4528512e-16,2.963044302206955e-15,2,0.26948887,0.013998137,0.0322752,True,6.918807194885546,8.03081851370083,1.602069
S123,123,0.16185975,0.00615109,0.015877172247403197,3,0.12278688,0.024326626,0.018242478,True,2.635748660248175,3.6068886869433614,1.1525168
V122,122,0.13148916,9.186856e-09,4.7835007372778535e-08,4,0.121973395,0.010759079,0.0029101372,True,6.91853785130934,7.697565978931263,1.818408
P200,200,0.07769263,3.4295162e-09,1.8831161825842585e-08,5,0.08465856,0.021388322,-2.3841858e-07,True,4.746348701897068,3.82206815742472,1.6390955
L231,231,0.067370415,0.0014374518,0.003982664639164412,6,0.056066584,0.012430631,-0.013961792,True,25.918957270692836,24.270915619316877,1.1965922
C198,198,0.063862085,2.466755e-21,4.966400015261714e-20,7,0.04182186,0.018512413,1.1920929e-07,True,5.557206132581379,4.542480489776483,1.14492
I300,300,0.056764722,0.00072611833,0.0021290071557266907,8,0.06471809,0.019878317,-0.0032877922,True,8.223413707214299,,1.0570855
Q256,256,0.044827104,1.9007294e-09,1.0830571022833249e-08,9,0.039959013,0.016010428,0.0060949326,True,,35.1578676827819,1.0809332
F220,220,0.042632103,0.49162656,0.7958116037322875,10,0.01313405,0.054793146,0.13176394,True,9.973189560015388,9.30145327354817,1.0214196
S287,287,-0.77082205,8.705921e-17,1.0954950716128349e-15,302,-0.7933876,0.041658968,-0.7259793,True,5.532008947932037,5.973087057795154,-3.483205
F286,286,-0.74603534,2.670714e-23,6.720391073792532e-22,301,-0.7302626,0.030740928,-0.5721123,True,3.51830101043103,3.319223704422466,-2.6843152
F38,38,-0.58199596,2.3712015e-25,7.161028518714575e-24,300,-0.56971854,0.053398483,-0.5412054,True,5.700931415128576,,-1.9135386
L37,37,-0.5578375,3.240001e-18,4.447637606375512e-17,299,-0.54561037,0.062783204,-0.52912354,True,5.154129024384225,,-2.3511953
P278,278,-0.55349064,2.2309572e-12,1.7275617079143126e-11,298,-0.58781755,0.047840532,-0.3630085,True,8.785379843808675,8.090173113104564,-1.4690585
L285,285,-0.55073,4.309772e-26,1.8593588089994963e-24,297,-0.5385286,0.034140166,-0.3993814,True,7.184162860069357,8.465507958770104,-2.3108633
Q302,302,-0.5386052,2.270792e-11,1.594835354702834e-10,296,-0.56776786,0.057137158,-0.46072412,True,4.93706987999967,9.592942666356345,-1.5346398
F147,147,-0.533311,5.0626962e-33,5.0964475200177886e-31,295,-0.5606284,0.0457021,-0.46426415,True,34.999570940227265,34.40142662739439,-1.6847811
K117,117,-0.53086925,7.742527e-19,1.1691215552212669e-17,294,-0.51089597,0.039245464,-0.43651533,True,8.182448594400094,8.196263721965027,-2.2738662
C116,116,-0.52521086,2.8928836e-23,6.720391073792532e-22,293,-0.5287334,0.04631173,-0.41076517,True,7.837488118013318,7.400052161978319,-1.7424622
