direction,target,target_resnum,partner,partner_resnum,rank,I_target,I_partner,dImp,U_c
EC50,E124,124,G45,45,1,1.6874725818634033,1.6840934753417969,0.0033791065216064453,2
EC50,E124,124,R283,283,2,1.6874725818634033,1.6916383504867554,0.004165768623352051,2
EC50,E124,124,G208,208,3,1.6874725818634033,1.682485818862915,0.004986763000488281,2
EC50,E124,124,G183,183,4,1.6874725818634033,1.697742223739624,0.010269641876220703,2
EC50,E124,124,G112,112,5,1.6874725818634033,1.7064435482025146,0.018970966339111328,2
EC50,S125,125,G282,282,1,1.6157104969024658,1.613440990447998,0.0022695064544677734,1
EC50,S125,125,R242,242,2,1.6157104969024658,1.6124166250228882,0.0032938718795776367,1
EC50,S125,125,L66,66,3,1.6157104969024658,1.6217049360275269,0.005994439125061035,1
EC50,S125,125,P192,192,4,1.6157104969024658,1.6089587211608887,0.0067517757415771484,1
EC50,S125,125,L209,209,5,1.6157104969024658,1.6247433423995972,0.009032845497131348,1
EC50,V122,122,G45,45,1,1.6844193935394287,1.6840934753417969,0.00032591819763183594,2
EC50,V122,122,G208,208,2,1.6844193935394287,1.682485818862915,0.0019335746765136719,2
EC50,V122,122,R283,283,3,1.6844193935394287,1.6916383504867554,0.00721895694732666,2
EC50,V122,122,G183,183,4,1.6844193935394287,1.697742223739624,0.013322830200195312,2
EC50,V122,122,G112,112,5,1.6844193935394287,1.7064435482025146,0.022024154663085938,2
EC50,C198,198,E185,185,1,1.168989896774292,1.5136215686798096,0.3446316719055176,2
EC50,C198,198,R107,107,2,1.168989896774292,1.5162471532821655,0.34725725650787354,2
EC50,C198,198,G236,236,3,1.168989896774292,1.5193966627120972,0.3504067659378052,2
EC50,C198,198,T64,64,4,1.168989896774292,1.5240474939346313,0.35505759716033936,2
EC50,C198,198,V182,182,5,1.168989896774292,1.5382602214813232,0.36927032470703125,2
EC50,P200,200,E185,185,1,1.2149221897125244,1.5136215686798096,0.29869937896728516,2
EC50,P200,200,R107,107,2,1.2149221897125244,1.5162471532821655,0.3013249635696411,2
EC50,P200,200,G236,236,3,1.2149221897125244,1.5193966627120972,0.30447447299957275,2
EC50,P200,200,T64,64,4,1.2149221897125244,1.5240474939346313,0.30912530422210693,2
EC50,P200,200,V182,182,5,1.2149221897125244,1.5382602214813232,0.32333803176879883,2
IC50,S287,287,L91,91,1,3.871744155883789,3.9264912605285645,0.05474710464477539,3
IC50,S287,287,S217,217,2,3.871744155883789,3.7561240196228027,0.11562013626098633,3
IC50,S287,287,D89,89,3,3.871744155883789,3.4628264904022217,0.4089176654815674,3
IC50,S287,287,L90,90,4,3.871744155883789,4.487649917602539,0.61590576171875,2
IC50,S287,287,S88,88,5,3.871744155883789,4.514810562133789,0.64306640625,2
IC50,F286,286,D89,89,1,3.312507152557373,3.4628264904022217,0.15031933784484863,3
IC50,F286,286,S217,217,2,3.312507152557373,3.7561240196228027,0.4436168670654297,3
IC50,F286,286,L91,91,3,3.312507152557373,3.9264912605285645,0.6139841079711914,3
IC50,F286,286,L90,90,4,3.312507152557373,4.487649917602539,1.175142765045166,2
IC50,F286,286,S88,88,5,3.312507152557373,4.514810562133789,1.202303409576416,2
IC50,P278,278,D89,89,1,2.937387466430664,3.4628264904022217,0.5254390239715576,3
IC50,P278,278,S217,217,2,2.937387466430664,3.7561240196228027,0.8187365531921387,3
IC50,P278,278,G245,245,3,2.937387466430664,2.0963985919952393,0.8409888744354248,2
IC50,P278,278,D246,246,4,2.937387466430664,2.0004982948303223,0.9368891716003418,2
IC50,P278,278,L91,91,5,2.937387466430664,3.9264912605285645,0.9891037940979004,3
IC50,F147,147,G250,250,1,1.8520722389221191,1.8541260957717896,0.00205385684967041,1
IC50,F147,147,V248,248,2,1.8520722389221191,1.8495759963989258,0.0024962425231933594,1
IC50,F147,147,A247,247,3,1.8520722389221191,1.8685636520385742,0.016491413116455078,1
IC50,F147,147,R244,244,4,1.8520722389221191,1.8714511394500732,0.0193789005279541,2
IC50,F147,147,G189,189,5,1.8520722389221191,1.87586510181427,0.02379286289215088,2
IC50,C116,116,G245,245,1,2.397830009460449,2.0963985919952393,0.30143141746520996,2
IC50,C116,116,D246,246,2,2.397830009460449,2.0004982948303223,0.39733171463012695,2
IC50,C116,116,S233,233,3,2.397830009460449,1.9407998323440552,0.45703017711639404,1
IC50,C116,116,G189,189,4,2.397830009460449,1.87586510181427,0.5219649076461792,2
IC50,C116,116,R244,244,5,2.397830009460449,1.8714511394500732,0.526378870010376,2
